codigo;determinacion;ub
660002;ACETONURIA;1
660004;ACIDIMETRIA GASTRICA, CURVA DE;3
660005;ACIDO BASE , ESTADO ACIDO BASE (EAB).;10
660006;ACTH   - HORMONA ADRENOCORTICOTROFINA.;12
660007;ADDIS, RECUENTO DE;2
660013;"AGLUTININAS ANTI RH MEDIO SALINO ALBUMINOSO, COOMBS
INDIRECTA";2
660014;"AGLUTININAS DEL SISTEMAS ABO. MEDIO SALINO ALBUMINOSO.
CUANTITATIVO";3
660016;ALCOHOL DEHIDROGENASA -ADH-;10
660017;ALCOHOLEMIA;10
660018;ALDOLASA;6
660019;ALDOSTERONA PLASMATICA;15
660020;ALFA FETO PROTEINAS;10
660022;AMILASEMIA O AMILASA SERICA;4
660023;AMILASURIA O AMILASA URINARIA;4
660025;"AMINOACIDOS FRACCIONADOS (CROMATOGRAFIA - POR
FRACCION) -CUALITATIVO";12,5
660027;"AMINOACIDURIA FRACCIONADA (CROMATOGRAFIA - POR
FRACCION) -CUALITATIVO";12,5
660028;AMNIOTICO, LIQUIDO, CELULAS NARANJAS;1
660029;AMNIOTICO, LIQUIDO, ESPECTROFOTOMETRIA -TEST DE LISLEY-;5
660030;AMNIOTICO , LIQUIDO LECITINA ESFINGOMIELINA;5
660031;AMONEMIA;20
660032;AMP  CICLICO;15
660033;ANGIOTENSINA I O II (C/DET.);15
660035;ANTIBIOGRAMA;4
660036;ANTIBIOGRAMA BACILO DE KOCH SIETE ANTIBIOTICOS;60
660040;ANTICUERPOS ANTIGLOMERULAR ,   (IFI);6
660041;ANTICUERPOS ANTIMENBRANA BASAL,   (IFI);6
660042;ANTICUERPO ANTIMUSCULO LISO,   (IFI);7
660044;ANTICUERPOS ANTIFRACCION MICROSOMAL DE TIROIDES, (IFI);6
660046;ANTICUERPOS, ANTITIROGLOBULINA;6
660049;ANTIDESIXIRRIBONUCLEASA - ADNEASA - ANTI-DNA.;9
660051;"ANTIESTREPTOLISINAS ""O"" (ASTO - AELO)";4
660052;ANTIESTREPTOQUINASA;3
660054;ANTIHIALURONIDASA;4
660055;ANTIMITOCONDRIALES, ANTICUERPOS;7
660056;ANTINUCLEARES ANTICUERPOS - FAN;7
660057;"ANTITRIPSINA, ALFA 1 - LIQ. PLEURAL O MAT. FECAL O SERICA -
C/U - (POR I.D.-CUANTITATIVA)";10
660058;ANTITROMBINA III - CON CALIBRACION DE TRES (3) PUNTOS.;15
660059;ARSENICO - SERICO O URINARIO.;20
660060;ASCORBICO, ACIDO;18
660063;ANTICUERPOS ANTI- HIV (ELISA);11
660064;ANTICUERPOS ANTI- HIV   (A.D.);11
660101;BACILOSCOPIA DIRECTA - ZIEHL NEELSEN (POR MUESTRA);2
660102;BACILOSCOPIA, DIRECTA Y CULTIVO (POR MUESTRA);8
660103;BACILOSCOPIA, (IFI - POR MUESTRA);10
660104;BACTERIOLOGIA, DIRECTA (COLORACION DE GRAM);2
660105;"BACTERIOLOGIA DIRECTA CULTIVO CON IDENTIFICACION DEL
GERMEN";5
660107;BARBITURICOS -   URINARIOS.;17,5
660109;BICARBONATO;4
660110;BILIRRUBINEMIA TOTAL, DIRECTA E INDIRECTA;1,5
660111;BILIRRUBINURIA;1,5
660131;CADENA LIVIANA KAPPA Y LAMBDA - SERICO O URINARIO.;40
660132;CADMIO - URINARIO.;20
660133;CALCEMIA TOTAL;1,5
660134;CALCIO IONICO;4
660136;CALCIO - URINARIO.;2
660137;CALCITONINA - SERICA.;16
660138;CALCULO URINARIO, EXAMEN FISICO QUIMICO;8
660139;CARBONICO, ANHIDRIDO PCO2;4
660140;CARIOTIPO, MAPA CROMOSOMICO;107
660141;CAROTENO BETA, EN SANGRE;22
660143;"CATECOLAMINAS (ADRENALINA / NORADRENALINA)
PLASMATICAS / URINARIAS C/U";25
660144;CARCINOEMBRIONARIO, ANTIGENO ( CEA );12,5
660148;CELULAS NEOPLASICAS - LIQUIDOS, EXUDADOS, TRASUDADOS.;9
660150;CEREBROSIDOS   (CROMATOGRAFICO).;9
660151;CERULOPLASMINA;6
660152;CETOGENOESTEROIDES - URINARIOS.;5
660154;CETONEMIA;1,5
660160;"17 CETOESTEROIDES, PRUEBA O RESPUESTA DE LOS, A LA INHIBICION CON DEXAMETASONA Y ESTIMULACION CON
GONADOTROFINAS CORIONICAS";5
660164;CITOLOGIA VAGINAL HORMONAL 1 MUESTRA;5
660167;CITRICO, ACIDO - LIQUIDO SEMINAL.;6
660168;CLORO PLASMATICO;2
660169;COAG. Y SANGRIA, TIEMPO DE;1
660170;COAGULO, RETRACCION DEL;1
660171;COAGULOGRAMA;5,5
660172;COBRE - SERICO.;20
660173;COCAINA   (INMUNOCROMATOGRAFIA/CROMATOGRAFICO);17,5
660174;COLESTEROL TOTAL;1,5
660176;COLONIAS, RECUENTO DE;2
660177;COMPATIBILIDAD   - SANGRE MATERNA.;6
660178;COMPATIBILIDAD MATRIMONIAL - SANGUINEA EN CONYUGES.;5
660179;COMPLEMENTO ACTIVIDAD TOTAL;5
660180;"COMPLEMENTO VALORACION INMUNOQUIMICA, C1Q, C15, C3,
C4, C5, C7, C8";5
660181;CONCENTRACION DE LIQUIDOS BIOLOGICOS;5
660182;CONCENTRACION, PRUEBA DE LA - FUNCION RENAL -;1
660184;COOMBS DIRECTA, PRUEBA;2
660186;COOMBS INDIRECTA O RH VARIEDAD Dµ;6
660187;COPROCULTIVO;8
660188;COPROPORFIRINAS - MATERIA FECAL;12
660189;CORTISOL PLASMATICO;10
660190;CREATINQUINASA -CPK-;3
660191;CREATINA, ORINA O SANGRE;2
660192;CREATININA, ORINA O SANGRE;2
660193;CREATININA CLEARENCE DE DEPURACION;5
660194;CRIOAGLUTININA;1
660195;CRIOGLOBULINAS;1
660196;CROMATINA SEXUAL;2
660241;CHAGAS, AGLUTINACION DIRECTA (AD);3
660242;CHAGAS, FIJACION DE COMPLEMENTO (HAI);3
660243;CHAGAS, INMUNOFLUORESCENCIA (IFI / ELISA);8
660244;CHAGAS,   PARASITEMIA.;3
660246;"CHAGAS,   SEROLOGIA - CONFIRMATORIO   (HAI Y ELISA O HAI E
IFI)";11
660261;DAVIDSON DIFERENCIAL, PRUEBA;3
660262;DEHIDROEPIANDROSTERONA, SULFATO   - DHEA-S.;11
660263;DERMATOFITOS, INTRADERMOREACCION;1
660268;DIGOXIN;10
660269;DISACARIDASAS;7
660272;DOMICILIO EN RADIO URBANO - HASTA DOS (2) KMS.;4
660273;DOMICILIO FUERA DE RADIO URBANO O MAS DE DOS (2) KMS.;1
660293;EMBARAZO, REACCION INMUNOLOGICA PARA;3,5
660295;EOSINOFILOS, RECUENTO DE;1
660296;ERITROBLASTOS, PORCENTAJE DE;1
660297;ERITROSEDIMENTACION;1
660298;ESPERMOGRAMA;9
660299;ESTRICNINA, EN LIQUIDOS BIOLOGICOS;5
660300;ESTRADIOL PLASMATICO;10
660301;ESTRIOL URINARIO;13
660302;ESTRIOL PLASMATICO;13
660304;ESTROGENOS TOTALES;15
660305;ESTRONA PLASMATICA;15
660308;EUGLOBULINAS, TEST DE;3
660309;EXUDADO NASOFARINGEO , CULTIVO.;5
660331;FACTOR DE COAGULACION V;12
660332;FACTOR DE COAGULACION VII;24
660333;FACTOR DE COAGULACION VIII;20
660334;FACTOR DE COAGULACION IX;20
660335;FACTOR DE COAGULACION X;12
660336;FACTOR DE MIGRACION LINFOCITARIA -MIF-;8
660337;FENILALANINA;17
660338;FENILCETONURIA;7
660339;FENILALANINA, SCREENING NEONATAL.;7
660342;FENOTIAZINAS;15
660343;FERREMIA;2
660344;"FIBRINOGENO, PRODUCTOS DE DEGRADACION - PDF -
PLASMATICO.";30
660345;FIBRINOGENO EN SANGRE;4
660349;"FISICO QUIMICO, EXAMEN. LIQUIDOS EXUDADOS, TRASUDADOS.
INCLUYE: ASPECTO, CARACTERES, CLORUROS, PROTEINAS, RIVOLTA Y GLUCOSA";10
660350;FLUOREMIA;10
660351;FLUORURIA;10
660352;FOLICO, ACIDO .;11
660353;FONDO OSCURO;4
660354;FORMULA LEUCOCITARIA;1,5
660355;FOSFATASA ACIDA PROSTATICA (EFM).;3
660356;FOSFATASA ACIDA TOTAL   (EFM).;3
660357;FOSFATASA ALCALINA;1,5
660360;FOSFATASA ALCALINA TERMOESTABLE .;15
660361;FOSFATASA ALCALINA -ISOENZIMAS-;15
660362;FOSFATEMIA;1,5
660363;FOSFATURIA;1,5
660364;FOSFO-EXOSA-ISOMERASA;8
660366;FOSFORO, CLEARENCE, DEPURACION DE;3
660369;FREI, INTRADERMOREACCION DE;3
660370;FSH (FOLICULO ESTIMULANTE, HORMONA);10
660371;FTA/ ABS (IFI - ELISA) SIFILIS Y TPHA.;8
660373;FUNCIONAL, EXAMEN MATERIA FECAL;7
660374;FIEBRE AMARILLA Ac. ANTI-IGM;8
660402;GALACTOSEMIA;8
660405;GASTRINA PLASMATICA;15
660408;GLOBULOS BLANCOS, RECUENTO Y FORMULA -MATERIA FECAL.;3
660409;GLOBULOS BLANCOS, RECUENTO DE;1
660410;GLOBULOS ROJOS, RECUENTO DE;1
660411;GLUCAGON.;4
660412;GLUCEMIA;1,5
660413;GLUCEMIA, CURVA DE;4,5
660416;GLUCOPROTEINOGRAMA;3
660417;GLUCOSA 6-FOSFATODEHIDROGENASA;8
660418;GLUCOSA 6-FOSFATO;5
660420;GLUTAMIL TRANSPEPTIDASA;2,5
660422;GLUTATION REDUCTASA;2
660430;GRAHAM, TEST DE;3
660432;GRASAS, CUANTITATIVO (VAN DE KAMER)   - MATERIA FECAL;15
660433;GRUPO SANGUINEO Y FACTOR   RH .;4
660465;HEMATIES, RESISTENCIA GLOBULAR OSMOTICA;6
660466;HEMATOCRITO;1
660468;HEMOCULTIVO AEROBIOS ANAEROBIOS C/U;7,5
660470;HEMOGLOBINA, DOSAJE DE;1
660471;HEMOGLOBINA ELECTROFORESIS;11
660472;HEMOGLOBINA EN PLASMA;2
660474;HEMOGLOBINA ALCALI RESISTENTE;1
660475;HEMOGRAMA;3
660477;HEMOSILINAS EN FRIO;2
660479;HEMOSIDERINA, INVESTIGACION HISTOQUIMICA;2
660480;HEPARINA, RESISTENCIA A LA   (IN VITRO);15
660481;HEPATOGRAMA COMPLETO;5
660483;HIDATIDOSIS HEMOAGLUTINACION (HAI);4
660484;HIDATIDOSIS, AC. ANTI-;4
660485;HIDRATOS DE CARBONO (CROMATOGRAFIA) - URINARIOS.;5
660486;17- HIDROXICORTICOIDES - URINARIOS.;5
660487;HIDROXINDOLACETICO ACIDO;10
660488;HIDROXIPROLINURIA;12
660489;HIPERHEPARINEMIA;1
660490;HISTOPLASMINA;1
660494;"HUDDLESSON, REACCION DE   (ROSA DE BENGALA -
BRUCELOSIS).";2
660531;MYCOBACTERIUM IDENTIFICACION;10
660532;IDENTIFICACION SEROLOGIA DE GERMENES;6
660535;INMUNOELECTROFORESIS;10
660536;INMUNOELECTROFORESIS LIQUIDOS BIOLOGICOS.;20
660537;INMUNOGLOBULINA A;5
660538;INMUNOGLOBULINA D;15
660539;INMUNOGLOBULINA E;10
660540;INMUNOGLOBULINA G;5
660541;INMUNOGLOBULINA M;5
660543;INSULINA;11
660546;IONOGRAMA PLASMATICO;3,5
660547;IONOGRAMA URINARIO;3,5
660548;ISOCITRICO DEHIDROGENASA;4
660550;INMUNOFIJACION - SERICA;50
660552;INMUNOFIJACION - URINARIA;50
660591;LACTAMINICO, ACIDO;5
660592;LACTICO,   ACIDO ENZIMATICO.;10
660593;LACTICO, ACIDO - MATERIA FECAL.;10
660594;LACTICO DEHIDROGENASA LDH;3
660596;LACTICO DEHIDROGENASA ISOENZIMAS - LDH ISOENZIMAS.;6
660597;LACTOGENO PLACENTARIO / SOMATOMAMOTROFINA;20
660598;LATEX TEST DE, PARA ARTRITIS REUMATOIDE;2
660600;LEPTOSPIRAS, INVESTIGACION DE;10
660602;TRICHINOSIS,   INVESTIGACION DE;30
660603;LAZO, PRUEBA DEL;1
660607;LEUCOAGLUTINACION, INHIBICION DE;3
660608;LEUCOAGLUTININAS, METODO DIRECTO;1
660609;LEUCOPRECIPITINAS;1
660610;LEVULINICO, ACIDO DELTA-AMINO;10
660611;LEVULINICO,   DELTA DEHIDRATASA;10
660612;LH  (LUTEINIZANTE, HORMONA);10
660613;LIPASA EN SANGRE;5
660615;LIPIDOGRAMA ELECTROFORETICO;7
660616;LIPIDOS, CROMATOGRAFIA EN CAPA DELGADA;2
660619;LIQUIDO CEFALORRAQUIDEO, FCO-QCO - CITOLOGICO.;7,5
660620;LIQUIDO DE PUNCION, EXAMEN FCO-QCO   - CITOLOGICO.;10
660621;LISINA-VASOPRESINA, TEST;3
660622;LISTERIAS   (IFI - ELISA);9
660623;"LITIO,   (ISE - ION SELECTIVO - FOTOMETRIA DE LLAMA O
FOTOMETRIA DE EMISION)";6
660624;LITIO, (POR ABSORCION ATOMICA - A.A.);20
660652;MACROGLOBULINA ALFA2, INMUNODIFUSION CUANTITATIVA;10
660653;MAGNESIO EN SANGRE;2,5
660654;MAGNESIO EN ORINA;2,5
660656;MANTOUX, INTRADERMO-REACCION DE   (PPD);7
660657;MEDULOGRAMA;9
660660;MERCURIO   - SERICO O URINARIO.;15
660662;METANEFRINAS;15
660663;METANOL EN ORINA;15
660664;MICOLOGIA, DIRECTO O COLORACION;2
660665;MICOLOGIA, CULTIVO E IDENTIFICACION;8
660667;MOCO CERVICAL, CRISTALIZACION;2
660668;MOCO NASAL, PH CITOLOGICO;2
660669;"MONONUCLEOSIS (AGLUTINACION - TEST DE LATEX O
MONOTEST).";3
660670;MONONUCLEOSIS HEMOAGLUTINACION (P. B.);3
660671;MONONUCLEOSIS.;3
660672;MONOXIDO DE CARBONO;5
660673;MORFINA OPIACEOS, DERIVADOS - LIQUIDOSBIOLOGICOS.;12
660702;NUCLEOTIDASA - 5' N;4
660711;ORINA COMPLETA;2,5
660714;OSMOLARIDAD - CLEARENCE (SANGRE - ORINA);5
660715;OSMOLARIDAD, SUERO;2,5
660716;OXIGENO, PO2 - SANGRE ARTERIAL.;5
660732;PAPANICOLAOU   ENDOCERVICAL;9
660734;PAPANICOLAOU   EXOCERVICAL;9
660736;PARASITOLOGICO SERIADO;4
660739;PARATHORMONA;13,5
660740;PEROXIDASAS, TINCION;5
660741;PH - LIQUIDOS BIOLOGICOS.;2
660742;PH - SANGUINEO (TITULACION);4
660743;PIRUVATO-QUINASA;3
660744;PIRUVICO, ACIDO ENZIMATICO;3
660745;PLAQUETARIOS, FACTORES;10
660746;PLAQUETAS, RECUENTO DE;1
660747;PLASMA RECALCIFICADO, TIEMPO DE;1
660748;PLASMINOGENO (IDR);5
660749;PLOMO - SERICO O URINARIO.;20
660751;PORFIRINAS   - URINARIO;12
660752;PORFOBILINOGENO - URINARIO.;12
660753;POTASEMIA;1
660754;POTASURIA;1
660758;PROGESTERONA PLASMATICA;11
660759;PROLACTINA PLASMATICA;10
660761;PROTEINA C REACTIVA - PCR (CUALITATIVA).;2,5
660763;PROTEINAS TOTALES;1,5
660764;PROTEINOGRAMA ACETATO;5
660766;PROTEINOGRAMAS - LIQUIDOS BIOLOGICOS.;8
660767;PROTEINURIA;1,5
660768;PROTOPORFIRINAS;6
660769;PROTROMBINA, CONSUMO DE;2
660770;PROTROMBINA, RIN;3
660771;PROTROMBINA, TIEMPO DE;2
660772;PSEUDOCOLINESTERASA;4
660812;RENINA-ANGIOTENSINA;18
660813;RH FACTOR - GRUPO SANGUINEO.;1
660814;RH FACTOR C GRANDE;2
660815;RH FACTOR C CHICA;2
660816;RH FACTOR E GRANDE;2
660817;RH FACTOR E CHICA;2
660818;RETICULOCITOS, RECUENTO DE;1,5
660820;ROSSE RAGAN, PRUEBA DE;2,5
660831;SALICILATOS;12,5
660832;SALMONELLA, ANTICUERPOS (IFI - ELISA);6
660833;SANGRE OCULTA EN MATERIA FECAL;4
660834;SECRETINA, TEST DE LA;4
660835;SEROTONINA - SERICA.;17,5
660837;SIDEROFILINA CAPACIDAD;5
660838;SIMS-HUBBNER, TEST DE;10
660839;SODIO, SANGRE U ORINA. CADA DETERMINACION;1
660841;SOMATOTROFINA;12
660847;SUDOR, TEST DE;15
660848;SULFAS EN SANGRE;1
660849;"SUBTIPO HEMOGLOBINA A2, DETERMINACION DE
(ELECTROFORESIS)";10
660862;TALIO EN ORINA;20
660863;TESTOSTERONA - TO;11
660864;THORN, PRUEBA DE;2
660865;TIROTROFINA SERICA (TSH);9
660866;TIROXINA TOTAL - T4;9
660867;TIROXINA EFECTIVA - T4 - LIBRE;9
660870;TOXOPLASMOSIS HEMOAGLUTINACION (HA);4
660871;TOXOPLASMOSIS (IFI);6
660872;TOXOPLASMOSIS, REACCION DE SAVIN-FELDMAN;6
660873;TRANSAMINASA, GLUTAMICO OXALACETICA.;1,5
660874;TRANSAMINASA, GLUTAMICO PIRUVICA.;1,5
660875;TRANSFERRINA (IDR);5
660876;TRIGLICERIDOS;2,5
660878;TRIIODOTIRONINA TOTAL   - T3;9
660879;TROMBINA, PRUEBA DE GENERACION DE LA;3
660880;TROMBINA, TIEMPO DE;3
660887;TROMBOPLASTINA, TIEMPO DE (KPTT - TTPC);2
660901;UREA CLEARENCE;3
660902;UREMIA;1,5
660903;URETRAL, EXUDADO   (DIRECTO Y CULTIVO).;11
660904;URICO, ACIDO - SERICO.;1,5
660905;URICO, ACIDO - URINARIO.;1,5
660907;UROCITOGRAMA;4
660931;VAGINAL, EXUDADO O FLUJO   (DIRECTO Y CULTIVO).;12
660932;VAINILLIN MANDELICO, ACIDO - URINARIO. (HPLC);15
660934;VDRL / USR - CUANTITATIVA.;4
660935;VARIANTE BACTERIANA;6
660936;VERONAL, PRUEBA DEL;1
660937;VITAMINA A;37
660938;VITAMINA B12;15
660939;VITAMINA E;37
660948;ALBUMINA (SERICA O URINARIA - C/U);1,5
660953;WIDAL, REACCION DE;4
660981;ZINC ERITROCITARIO - PROTOPORFIRINA.;12
660982;ZINC SERICO;12
660999;URGENCIA. RECARGO POR CADA DETERMINACION.;3
661000;ANTIGENO PROSTATICO ESPECIFICO TOTAL   -   PSA-T;18
661015;"CD4 - CD8 - SUB POBLACION LINFOCITARIA POR CITOM. DE
FLUJO (C/U)";23
661020;CHLAMYDIAS PNEUMONIAE, AC. ANTI- IGG;18
661025;CITOMEGALOVIRUS, AC. ANTI- IGG;15
661030;CITOMEGALOVIRUS, AC. ANTI- IGM;20
661035;COLESTEROL HDL;3
661040;COLESTEROL LDL;4
661045;CREATINFOSFOQUINASA, ISOENZIMA MB (CPK -MB);10
661050;DROGAS DE ABUSO SCREENING   (C/U);17,5
661055;EPSTEIN BARR, AC. IGG/TOTALES ANTI- (VCA IGG);15
661060;EPSTEIN BARR, AC. IGM ANTI- (VCA IGM);20
661065;FRUCTOSAMINA;15
661070;HEMOGLOBINA GLICOSILADA;15
661075;HEPATITIS A, AC. ANTI- IGM  (HAV IGM);15
661080;HEPATITIS B, AC. ANTI- IGG (HBC -IGG );15
661085;HEPATITIS B, ANTIGENO E (AG.HBE);15
661086;HEPATITIS  B, ANTIGENO DE SUPERFICIE  (AG. HBS);12
661090;HEPATITIS B, AC. ANTI- (HBSAC);20
661095;HEPATITIS C, AC. ANTI- IGG (HCV AC IGG);20
661100;HIDATIDOSIS,   (ARCO 5 - DOBLE INMUNOELECTROFORESIS);22
661105;HIV CARGA VIRAL;160
661110;HIV WESTERN- BLOT;100
661115;MARCADOR TUMORAL DE OVARIO (CA 125);20
661120;MARCADOR TUMORAL DE MAMA (CA 15. 3);20
661125;MARCADOR TUMORAL DE COLON (CA 19. 9);20
661130;MICROALBUMINURIA;12,5
661134;"MONITOREO DE FARMACOS PARA ENF. CRONICAS
(ANTICONVULSIVANTES).";19
661135;"MONITOREO DE FARMACOS PARA ENF. CRONICAS
(ANTICONVULSIVANTES)";15
661136;"MONITOREO DE FARMACOS PARA ENF. CRONICAS (CAFEINA O
LAMOTRIGINA).";24
661137;"MONITOREO de FARMACOS para ENF. CRONICAS
(ANTICONVULSIONANTE: TOPIRAMATO)";45
661145;RUBEOLA, AC. ANTI- IGG;15
661150;RUBEOLA, AC. ANTI- IGM;15
661160;"TORCH   (TOXOPLASMOSIS , RUBEOLA, CITOMEGALOVIRUS Y
HERPES 1 Y 2 )";50
661165;"ESTUDIO DE PLIODIA CELUL. EN TEJIDO TUMOR X CITOM.DE
FLUJO";22
661180;"TEST RAPIDO EN FAUCES PARA STREPTOCOCCUS BETA-
HEMOLITICO GRUPO ""A""";12,5
661185;TESTOSTERONA BIODISPONIBLE;25
661190;TIROTROFINA ULTRASENSIBLE   (TSH-ULTRASENSIBLE);9
661195;"SCREENING NEONATAL X 3   (TSH, FENIL ALANINA Y TIR -
NEONATALES)";20
661196;"SCREENING NEONATAL X 6 (TSH, FENIL ALANINA Y TIR - BIOTINIDASA, GALACTOSEMIA Y 17-HO-PROGESTERONA -
NEONATALES)";43
662008;ACANTHAMOEBA SPP.;15
662011;ACAROS Y ARTROPODOS, INVESTIGACION DE VECTORES;10
662017;ACETILCOLINA;25
662025;ACETILCOLINA, AC. ANTI- RECEPTORES (ACRA);100
662034;ACETILCOLINESTERASA ERITROCITARIA;12
662042;ACETILCOLINESTERASA - SERICA;8
662051;ACETONA CUANTITATIVA - SERICA;19
662059;ACETONA CUANTITATIVA - URINARIA;19
662068;ACIDO 3-METIL INDOL;35
662085;ACIDO 5 HIDROX-INDOL ACETICO (HPLC);23
662093;ACIDO ACETOACETICO;17
662102;ACIDO ALFA CETONICO;12
662111;ACIDO BETA HIDROXIBUTIRICO;19
662120;CITRATURIA (ACIDO CITRICO - URINARIO);15
662128;ACIDO FENIL ACETICO  (AFA);19
662136;ACIDO FENIL GLIOXILICO;16
662145;ACIDO FENIL PIRUVICO (CUALITATIVO);10
662153;ACIDO FOLICO - INTRAERITROCITARIO.;14
662162;ACIDO FORMICO;16
662170;ACIDO FOSFATIDICO, AC. IGG   ANTI-;30
662179;ACIDO FOSFATIDICO, AC. IGM   ANTI-;30
662181;ACIDO FUROICO;16
662183;ACIDO GLUTAMICO;30
662184;ACIDO GUANIDINACETICO.;110
662187;ACIDO HIPURICO - URINARIO;15
662205;ACIDO HOMOVANILICO - HVA;20
662222;ACIDO INDOLACETICO, 5 HIDROXI -3-METIL;19
662236;ACIDO LACTICO, LCR;19
662239;ACIDO LACTICO - URINARIO;19
662247;ACIDO LISERGICO   (LSD);19
662256;ACIDO MANDELICO;19
662264;ACIDO METIL HIPURICO;19
662273;ACIDO METIL MALONICO;19
662277;ACIDO MUCONICO;19
662281;ACIDO OROTICO;104
662296;ACIDO OXALICO, SERICO;22
662299;ACIDO OXALICO, URINARIO  (2/ 12 / 24 HS);15
662316;ACIDO PIRUVICO, PLASMATICO;13
662328;ACIDO SALICILICO, SERICO;12
662330;ACIDO SALICILICO, URINARIO;12
662341;ACIDO SIALICO;19
662350;ACIDO TIOGLICOLICO;19
662358;ACIDO TRICLOROACETICO;18
662367;ACIDOS BILIARES, PLASMATICOS;30
662375;ACIDOS GRASOS DE CADENA MUY LARGA;122
662379;ACIDOS GRASOS NO ESTERIFICADOS (NEFA);10
662389;ACIDOS ORGANICOS;122
662393;ACIDOS ORGANICOS, URINARIOS;122
662401;ACIL CARNITINAS, PLASMATICOS;120
662411;"ACUAPORINA 4 - NEUROMIELITIS OPTICA - AC. IGG (NMO-Ac.
IgG)";80
662417;ADENOSIN DEAMINASA - LCR;24
662418;ADENOSIN DEAMINASA, LIQUIDO PLEURAL;24
662427;ADENOVIRUS, AC. ANTI- IGG O TOTALES;18
662435;ADENOVIRUS, AC. ANTI- IGM;18
662444;ADENOVIRUS, AG.;24
662445;ADENOVIRUS GENOMA VIRAL;50
662452;ADRENAL, AC. ANTI- TOTALES;65
662461;ALDOSTERONA, URINARIA;15
662469;ALDRIN;30
662492;ALFA 1 ANTITRIPSINA, LIQUIDO PLEURAL;12
662495;ALFA 1 ANTITRIPSINA, CLEARENCE DE (M.F./SERICA);16
662521;ALFA 2 ANTIPLASMINA;40
662538;ALFA BHC;30
662547;ALFA GALACTOSIDASA   (FABRY);130
662555;ALFA GLUCOSIDASA NEUTRAL;25
662559;ALFA L IDURONIDASA;110
662563;ALFA NITROSO BETA NAFTOL, PRUEBA DE;9
662572;ALPRAZOLAM;25
662587;ALUMINIO, PELO;30
662589;ALUMINIO, SERICO;22
662591;ALUMINIO, URINARIO;22
662598;ALUMINIO, URINARIO;22
662606;AMIKACINA;22
662615;AMINOACIDOS - SERICO (CROMATOGRAFIA CUANTITATIVA);150
662620;AMINOACIDOS - LCR   (CROMATOGRAFIA CUANTITATIVA);150
662624;AMINOACIDOS - SSPF (CUANTITATIVO);150
662627;AMINOACIDOS - URINARIOS   (CROMATOGRAFIA CUANTITATIVA);150
662630;AMINOACIDOS - URINARIOS (CUALITATIVO);22
662649;AMONIO, URINARIO;20
662657;ANAEROBIOS (CULTIVO).;30
662666;ANDROSTENEDIOL GLUCURONIDO (ALFA DIOL GLUCURONIDO);25
662675;ANDROSTENODIONA, DELTA 4-;12
662688;ANFETAMINAS / METANFETAMINAS, CONFIRMATORIO;120
662692;ANFETAMINAS, URINARIAS;17,5
662700;ANGELMAN, SINDROME DE;330
662704;ANION GAP;1
662709;ANTICOAGULANTE  LUPICO;30
662712;ANTIDIURETICA, HORMONA - HAD   (VASOPRESINA);80
662713;ANTIDIURETICA, HORMONA - URINARIA;80
662717;"ANTIGENOS BACTERIANOS, SCREENING (HAEMOF..INFL, NEIS.
MENING., STREPT. PNEUM.)";80
662730;ANTIGENO PROSTATICO ESPECIFICO, COMPLEJADO (PSA C);25
662734;ANTIGENO PROSTATICO ESPECIFICO, LIBRE+TOTAL (PSA-L+T);36
662769;ANTIMICOGRAMA LEVADURAS,   SCREENING;30
662780;ANTIMONIO - SERICO;18
662782;ANTIMONIO - URINARIO;18
662790;ANTIMULLERIANA, HORMONA (HAM);75
662803;ANTITROMBINA III FUNCIONAL;25
662811;APOLIPOPROTEINAS, A O B (C/U);11
662815;APOLIPOPROTEINA E, GENOTIPO (APO E);120
662820;ARILSULTASA A - EN LEUCOSITOS;320
662834;ARSENICO - PELO;30
662837;ARSENICO - UÑA;30
662846;ASPERGILLIUS, AC. ANTI-;24
662850;ATRAZINA;30
662854;BACILUS ANTHRACIS, CULTIVO Y TIPIFICACION;20
662863;BANDAS OLIGOCLONALES, EN L.C.R.;220
662873;BANDEO G;100
662874;"BANDEO G-CITOGENICO EN MEDULA OSEA POR ANALISIS
CROMOSOMICO CON BANDEO G DE ALTA RESOLUCION";174
662888;BARBITURATOS;120
662896;BARIO - SERICO.;22
662897;BARIO, URINARIO;22
662912;BARTONELLA HENSELAE, AC. IGG ANTI-;50
662914;BARTONELLA HENSELAE, AC. IGM ANTI-;50
662925;BCR/ABL P210 CUANTITATIVO;220
662927;BENCENO - URINARIO;25
662931;BENCENO-ETILBENCENO-TOLUENO-XILENO (BETX);60
662945;BENZODIAZEPINAS, CONFIRMATORIO.;120
662963;BERILIO - SERICO;22
662965;BERILIO - URINARIO;22
662980;BETA 2 GLICOPROTEINA, AC. IGA ANTI-;30
662982;BETA 2 GLICOPROTEINA, AC. IGG ANTI-;30
662984;BETA 2 GLICOPROTEINA, AC. IGM ANTI-;30
663016;BETA BHC;30
663025;BETA CROSS LAPS - CTX-C - TELOPEPTIDO DE COLAGENO TIPO I;32
663034;BETA GALACTOSIDASA;130
663042;BETA GLUCOCEREBROSIDASA;130
663051;BETA LACTAMASA  (ß-LACTAMASA);10
663068;BIOTINIDAZA, CONFIRMATORIO.;71
663085;BLASTOMYCES DERMATITIDIS, AC (FASE LEV);35
663093;BNP (FACTOR NATRIURETICO);75
663102;BORDETELLA PERTUSIS, AC. ANTI- IGG;35
663110;BORDETELLA PERTUSIS, AC. ANTI- IGM;37
663119;BORDETELLA PERTUSIS, AG;40
663120;BORDETELLA PERTUSIS PCR;77
663128;BORRELLIA BUGDORFERI, AC. ANTI- IGG;35
663136;BORRELLIA BUGDORFERI, AC. ANTI- IGM;37
663145;BR CA1-BR CA (PANEL ASHKENAZI) - 1/2 SCREENING;375
663153;BROMURO, SERICO;20
663158;BRUCELLAS, TEST DE WRIGHT;10
663159;"BRUCELLAS, TEST DE WRIGHT, CON 2-MERCAPTOETANOL (W-
2ME)";12
663162;BRUCELOSIS  (IFI);12
663170;BRUCELOSIS (FIJACION DE COMPLEMENTO);5
663179;BRUCELOSIS, AC. ANTI- IGG O TOTALES;12
663187;BRUCELOSIS, AC. ANTI- IGM;12
663190;BRUCELOSIS, AC. INCOMPLETOS;15
663213;BUFOTENINA;24
663230;C1 INHIBIDOR Q (C1Q INHIBIDOR INMUNOLOGICO);30
663239;CA 21-1 (MARCADOR TUMORAL DE PULMON) - CYFRA 21-1;60
663247;CA 72-4 (MARCADOR TUMORAL GASTRICO);50
663259;CADENAS PESADAS EN SANGRE Y ORINA C/U;14
663262;CADMIO, PELO;25
663264;CADMIO, SANGUINEO;22
663273;CALCIDIOIDEMICOSIS - INMUNODIF.;14
663290;CALCIO, PELO;25
663292;CALCIO, SALIVA;25
663307;CALCULO - BILIAR, SALIVAL (ESTUDIO CRISTALOGRAFICO);20
663316;CAMPYLOBACTER SPP, CULTIVO;14
663318;CAMPYLOBACTER SPP, DIRECTO (ELISA);20
663320;CAMPYLOBACTER SPP, DIRECTO (MICROSCOPIA);12
663324;CANDIDA ALBICANS, AC. TOTALES;15
663333;CANDIDA, ELECTROFORESIS DE CAMP;52
663350;"CANNABINOIDES, CONFIRMATORIO (MARIHUANA -
CONFIRMATORIO - GC-MS)";120
663358;CARBAMAZEPINA, 10,11-DIHIDRO,10-HIDROXI-(HPLC);24
663362;CARBAMAZEPINA, EPOXIDO DE (HPLC);24
663375;CARBOXIHEMOGLOBINA;15
663384;CARDIOLIPINAS, AC. IGA   ANTI-;20
663392;CARDIOLIPINAS, AC. IGG   ANTI-;18
663401;CARDIOLIPINAS, AC. IGM   ANTI-;18
663418;CARIOTIPO, ALTA RESOLUCION (ALTA SENSIBILIDAD);140
663430;CARIOTIPO, CON BANDEO GTG;100
663435;CARIOTIPO - LIQUIDO ANMIOTICO;350
663440;CARIOTIPO - MATERIAL DE ABORTO;200
663443;CARIOTIPO - MEDULA OSEA/SANGRE PERIFERICA;140
663446;CARIOTIPO - VELLOSIDADES CORIONICAS;350
663461;CARNITINA, LIBRE Y TOTAL - SUERO;160
663463;CARNITINA, LIBRE Y TOTAL - URINARIO;160
663478;CATECOLAMINAS, LCR;25
663495;CD 3,4 POSITIVAS - CITOMETRIA DE FLUJO;35
663504;CD10/CD19 - CITOM. DE FLUJO;35
663512;CD3/CD16+56, CELULAS NK - CITOM. DE FLUJ;35
663521;CD25 RECEPTOR SOLUBLE DE INTERLUKINA 2 - CITOM. DE FLUJO;35
663528;HPN-FENOTIPIFICACION CD55/CD59;53
663529;CD69/CD56 POSITIVAS;35
663538;CD, SUBPOBLACION LINFOCITARIA - CITOMETRIA DE FLUJO (C/U);35
663546;CELULAS LE;7
663563;CENTROMERO, AC. ANTI-;22
663572;CHAGAS, AC. IGM   ANTI-   (IFI);14
663576;CHAGAS, AC. TOTALES   ANTI- (ELISA);12
663581;CHAGAS (PCR).;60
663585;CHITOTRIOSIDASA - SANGUINEA.;110
663586;"CHITOTRIOSIDASA - SANGUINEA/SOPORTE-PAPEL
(FUOROMETRICO)";110
663589;CHLAMYDIA PNEUMONIAE, AC. IGM   ANTI-;20
663598;CHLAMYDIA PSITACCI, AC. IGG   ANTI-;18
663606;CHLAMYDIA PSITACCI, AC. IGM   ANTI-;20
663623;CHLAMYDIA TRACHOMATIS, AC. IGG   ANTI-;18
663632;CHLAMYDIA TRACHOMATIS, AC. IGM   ANTI-;20
663640;CHLAMYDIA TRACHOMATIS, AG.;20
663649;CHLAMYDIA TRACHOMATIS, AG. PCR;80
663657;CHOLERAE VIBRIO, CULTIVO;9
663666;CIANUROS;22
663674;CICLOSPORINA A - SERICA;30
663683;CISTINA;15
663717;CITOMEGALOVIRUS, ANTIGENEMIA (CMV -   PP65);45
663720;"CITOMEGALOVIRUS, DNA CARGA VIRAL (CMV-DNA CARGA
VIRAL)";135
663722;CITOMEGALOVIRUS, DNA POR PCR (CMV-DNA POR PCR);95
663725;"CITOMEGALOVIRUS, LCR CUANTITATIVO POR PCR (CMV-LCR
CUANTIT.POR PCR)";95
663734;CITOPLASMA DE NEUTROFILO, AC. ANTI- C/U   (ANCA C, P - C/U);28
663751;CLEMENTS, PRUEBA DE;12
663756;CLORPIRIFOS ETIL;84
663761;CLOSTRIDIUM DIFFICILE, TOXINA A - MATERIA FECAL.;80
663762;"CLOSTRIDIUM DIFFICILE, TOXINAS (A + B) - MATERIA FECAL
(INMUNOCROMATOGRAFÌA)";26
663786;COBALTO, PLASMATICO;20
663788;COBALTO - URINARIO;20
663814;COBRE - ERITROCITARIO;20
663817;COBRE - PLASMATICO;20
663820;COBRE - URINARIO;20
663828;COCAINA, GC-MS - CONFIRMATORIO.;120
663860;COCCIDIOIDES INMITIS, AC. ANTI-;40
663862;COCCIDIOIDES INMITIS, AC. IGG ANTI-;28
663871;COCCIDIOIDES INMITIS, AC. IGM ANTI-;28
663880;COCLEARES, AC. ANTI- (ANTI- P68 KDA) (WESTERN BLOT);150
663888;CODEINA - SERICA;50
663890;CODEINA - URINARIA;50
663905;COFACTOR DE RISTOCETINA;60
663914;COMPLEJOS INMUNOCIRCULANTES (CIC);23
663922;COMPLEMENTO C1Q (PROTEINA 11S);28
663930;COMPLEMENTO TOTAL - 50% LISIS - CH 50;9
663939;CONCENTRACION BACTERICIDA MINIMA - CBM;28
663948;CONCENTRACION INHIBITORIA MINIMA (CIM);28
663960;COPROPORFIRINAS - ERITROCITARIAS;15
663962;COPROPORFIRINAS - MATERIA FECAL;15
663974;COREA DE HUNTINGTON POR PCR;500
663982;CORPUSCULOS METACROMATICOS - URINARIO;10
663994;CORRECCION C/PLASMA NORMAL - APTT;25
663996;CORRECCION C/PLASMA NORMAL - TP;25
664008;CORTISOL LIBRE - URINARIO (CLU);12
664012;CORTISOL - SALIVAL;12
664033;COTININA, SERICA;25
664035;COTININA, URINARIA;25
664050;COXIELLA BURNETTI, AC. ANTI- IGG;30
664059;COXIELLA BURNETTI, AC. ANTI- IGM;30
664068;COXSACKIE VIRUS A, 2-7-9, AC. ANTI- (C/U);19
664076;COXSACKIE VIRUS B, 1-2-3-4-5-6, AG. (C/U);19
664085;COXSACKIE VIRUS B, 1-2-3-4-5-6, AC. ANTI- (POOL);19
664093;COXSACKIE VIRUS B, 1-2-3-4-5-6, AC. ANTI- (C/U);19
664102;COXSACKIE VIRUS B, 1-2-3-4-5-6, AC. IGM ANTI- (C/U);23
664110;CRIOCRITO;10
664119;CRIOFIBRINOGENO;10
664132;CROMO, PELO;22
664134;CROMO - SERICO;20
664136;CROMO - URINARIO;20
664141;CROMOGRANINA A;200
664143;"DELECCION CROMOSOMA 13 (FISH) - CROMOSOMA,
ALTERACIONES DEL (C/U)";300
664144;"DELECCION 17 P53 (FISH) - CROMOSOMA, ALTERACIONES DEL
(C/U)";300
664146;"DELECCION C11 ATM - 5Q - 7Q - GEN ATM (FISH) -
CROMOSOMA, ALTERACIONES DEL (C/U)";300
664147;"TRISOMIA 12 - CENTROMERO 12 (FISH) - CROMOSOMA,
ALTERACIONES DEL (C/U)";300
664150;CROMOSOMA FILADELFIA - PCR - CITOGENETICO LMC-;180
664155;CROMOSOMA X, FRAGILIDAD - PCR;250
664160;CROMOSOMA X, FISH;250
664165;CROMOSOMA Y, DELECCIONES DEL;275
664187;CROSS MATCH, AUTOLOGO - CITOM. DE FLUJO;210
664190;CROSS MATCH, AUTOLOGO - LINFOTOXICIDAD.;55
664196;CROSS MATCH, CONTRA PANEL;65
664204;CROSS MATCH, DONANTE - CITOM. DE FLUJO;230
664213;CROSS MATCH, DONANTE - LINFOTOXICIDAD.;65
664221;CROSS MATCH, DTT;65
664230;CROSS MATCH, MATRIMONIAL - CITOMETRIA DE FLUJO;300
664240;CROSS MATCH, PACIENTE HIPERSENSIBILIZADO;110
664256;CRYPTOSPORIDIUM SP,;15
664264;CRYPTOCOCCUS NEOFORMANS, AG.;40
664266;"CRYPTOCOCCUS NEOFORMANS, AG. (MICROSCOPIA - TINTA
CHINA)";8
664290;CUERPOS REDUCTORES;7
664307;4,4' -DDD (P,P' -DDD) - 4,4'- DICLORODIFENILDICLOROETANO;30
664315;4,4' -DDE (P,P' - DDE) - 4,4'- DICLORODIFENILDICLOROETILENO;30
664324;4,4' -DDT (P,P' -DDT) - 4,4'- DICLORODIFENILTRICLOROETANO;30
664333;DEGRANULACION DE BASOFILOS;30
664340;DEHIDROEPIANDROSTERONA;14
664350;DELTA-BHC;30
664361;DENGUE, AC. ANTI- IGG;35
664363;DENGUE, AC. ANTI- IGM;35
664365;DENGUE, ACS. ANTI- IGG E IGM (CUALITATIVO);35
664369;DENGUE - PCR;80
664371;DENGUE, AG. - ELISA;35
664375;DEOXIPIRIDINOLINAS;28
664384;DESIPRAMINA;24
664388;DIAZINON;84
664392;DIELDRIN;30
664418;DIMERO-D;35
664435;DIMETOATO;30
664444;DIMETOXIFENILETILAMINA, 3,4- (DMFA);19
664452;DISULFOTON;30
664461;DNA, SS - CADENA SIMPLE (DNASS);35
664469;DNA, DESNATURALIZADO, AC. ANTI -;40
664478;DNA, MUESTRA FORENSE;1400
664503;DOPAMINA, TOTAL - SERICA;20
664512;DOPAMINA LIBRE - URINARIA;20
664521;DOXEPINA;25
664529;DUCHENNE, ENFERMEDAD DE (PCR);156
664546;ECHINOCOCCUS GRANULOSOS, AC. IGG ANTI-;23
664549;ECHINOCOCCUS GRANULOSOS, AC. IGM ANTI-;25
664563;ECHO COXSACKIE, 1-6 AC. IGG ANTI-;24
664566;ECHO COXSACKIE, 1-6 IGM;28
664580;ECHOVIRUS, AC. IGG ANTI-;30
664583;ECHOVIRUS, AC. IGM ANTI-;30
664606;"SUBUNIDADBETA DE GONADOTROFINA CORIONICA
CUALITATIVA (TEST EMBARAZO)";8
664607;"SUBUNIDAD BETA DE GONADOTROFINA CORIONICA
(CUANTITATIVA)";14
664623;"ENA, AC. ANTI- (ANTIGENOS NUCLEARES EXTRAIDOS, AC. ANTI- ) -
(SSA, SSB, RNP, SM)";50
664632;ENDOMISIO, AC. IGA ANTI-;14
664640;ENDOMISIO, AC. IGG   ANTI-;14
664648;ENDOSULFAN I;30
664649;ENDOSULFAN II;30
664652;ENDOSULFAN SULFATO;30
664666;ENDRIN;30
664668;ENDRIN ALDEHIDO;30
664674;ENTAMOEBA HISTOLYTICA, AC. IGG;40
664677;ENTAMOEBA HISTOLYTICA, AC. IGM;40
664691;ENTEROVIRUS, PCR;95
664700;ENZIMA CONVERTIDORA DE ANGIOTENSINA (ECA);40
664709;"EPSTEIN BARR, ANTI- EBNA (EPSTEIN BARR NUCLEAR
ASSOCIATED ANTIGEN)";40
664717;EPSTEIN BARR, DNA CARGA VIRAL - PCR;250
664726;EPSTEIN BARR, EARLY ANTIG. AC.;30
664734;ERITROPOYETINA (EPO);45
664743;ESPERMOGRAMA, CELULAS REDONDAS EN PLASMA SEMINAL;3
664751;"ESPERMOGRAMA, DE CONDENSACION NUCLEAR DE LA
CROMATINA (AZUL ANILINA, TINCIÒN)";25
664760;ESPERMOGRAMA, DIGESTION EN GELATINA ACROSOMICA;14
664768;ESPERMOGRAMA, EGG YOLK TEST;29
664777;ESPERMOGRAMA, GRADIENTE DE PERCOLL;60
664785;"ESPERMOGRAMA, HETEROGENEIDAD CROMATINICA ( NARANJA
DE ACRIDINA)";10
664845;"ESPERMOGRAMA, ESPERMATOZOIDE AC. ANTI-DIRECTO (MAR
TEST D.)";13
664854;"ESPERMOGRAMA, ESPERMATOZOIDE AC. ANTI-INDIRECTO (MAR
TEST I.)";13
664858;ESPERMOGRAMA, MODULO I;32
664859;ESPERMOGRAMA, MODULO II (EIVE);28
664862;ESPERMOGRAMA, MORFOLOGIA DE KRUGER;9
664879;"ESPERMOGRAMA, PERLAS DE VIDRIO, COLUMNA DE
(ESPERMATOZOIDES)";27
664888;"ESPERMOGRAMA, POTENCIAL DE PEROXIDACION LIPIDICA EN
ZOIDES";12
664897;ESPERMOGRAMA, PRUEBA DE SOBREVIDAESPERMATICA;5
664905;ESPERMOGRAMA, REACCION ACROSOMICA (PISUM SATIVUM);37
664914;ESPERMOGRAMA, SLIDE TEST;7
664922;ESPERMOGRAMA, STRES TEST;10
664931;ESPERMOGRAMA, SWIM-DOWN;60
664939;ESPERMOGRAMA, SWIM-UP - PARA INSEMINACION;70
664942;ESPERMOGRAMA, SWIM-UP - TEST DIAGNOSTICO;50
664965;ESPERMOGRAMA, TEST DE HIPERACTIVACION;22
664982;ESPERMOGRAMA, TEST HIPOSMOTICO;8
664986;ESPERMOGRAMA, TEST DE MOST;60
664999;ESTEATOCRITO   (GRASAS - MATERIA FECAL);9
665008;ESTIRENO;16
665016;ESTRADIOL BIODISPONIBLE;25
665033;ESTRIOL LIBRE - SERICO.;35
665043;ETION;84
665050;EUGLOBULINAS, LISIS DE (PRE Y POST-ISQUEMIA);15
665055;EXTASIS - MDMA   (INMUNOENSAYO);45
665059;FACTOR DE COAGULACION II;35
665067;FACTOR DE COAGULACION XI;35
665076;FACTOR DE COAGULACION XII;35
665077;FACTOR DE COAGULACION XIII;35
665085;FACTOR INTRINSECO, AC. ANTI- EXTASIS;55
665093;FACTOR REUMATOIDEO (NEFELOMETRIA);16
665102;FACTOR V LEIDEN - PCR;70
665116;FACTOR VON WILLEBRAND, FUNCIONAL;70
665119;FACTOR VON WILLEBRAND (INMUNOLOGICO C/CALIBRACION);70
665127;FAMPHUR (FAMFUR);30
665136;FENCICLIDINA - FENILCICLOHEXILPIPERIDINA -PCP (IFP);20
665144;FENETILAMINA - F.E.A.;25
665204;FENITOTRION;30
665213;FENOLES - URINARIOS;19
665230;FERRITINA;15
665238;"FIBRINOGENO, PRODUCTOS DE DEGRADACION (P.D.F.) -
URINARIO";30
665247;FIBROSIS QUISTICA, 19 MUTACIONES - PCR;310
665255;FIBROSIS QUISTICA, 29 MUTACIONES - PCR;450
665258;FIBROSIS QUISTICA, 32 MUTACIONES - PCR;465
665273;FILIACION ESTUDIO DNA EXTRA (POR CADA UNO AGREGADO);200
665281;FILIACION ESTUDIO DNA HASTA 3;700
665290;FISH WILLIAMS;410
665298;FK - 506 - TACROLIMUS;60
665307;FORATO;20
665319;FOSFATASA ACIDA LEUCOCITARIA;15
665324;FOSFATASA ACIDA PROSTATICA (RIA);19
665332;FOSFATASA ACIDA TARTRATO RESISTENTE;8
665335;FOSFATASA ACIDA TARTRATO RESISTENTE LEUC.;12
665349;FOSFATASA ALCALINA OSEA (RIA);25
665375;FOSFATIDIL COLINA, AC. IGG   ANTI-;18
665378;FOSFATIDIL COLINA, AC. IGM   ANTI-;18
665392;FOSFATIDIL GLICEROL, AC. IGG   ANTI-;20
665401;FOSFATIDIL GLICEROL, AC. IGM  ANTI-;20
665409;FOSFATIDIL INOSITOL, AC. IGG ANTI-;18
665412;FOSFATIDIL INOSITOL, AC. IGM ANTI-;18
665424;FOSFATIDIL SERINA, AC. IGA ANTI-;35
665426;FOSFATIDIL SERINA, AC. IGG O AC. TOTALES ANTI-;25
665428;FOSFATIDIL SERINA, AC. IGM   ANTI-;25
665443;FOSFOHEXOSA ISOMERASA, SERICA - PHI;6
665452;FOSFOLIPIDOS, AC. IGG   ANTI-;20
665461;FOSFOLIPIDOS, AC. IGM ANTI-;20
665465;FOSFOLIPIDOS, AC. TOTALES ANTI- (IGA, IGG, IGM);25
665469;FREE ANDROGEN INDEX-FAI;30
665472;FRIEDRICH, ATAXIA DE;350
665478;FRUCTOSA, LIQUIDO SEMINAL O SERICA O URINARIA;10
665486;FSH, URINARIA (HORMONA FOLICULO ESTIMULANTE - URINARIA);8
665502;ACIDO GAMMA AMINOBUTIRICO (GABA);70
665503;"GAD, AC. ANTI- GLUTAMICO ACID DECARBOXILASE (ACIDO
GLUTAMICO DESCARBOXILASA, AC. ANTI-)";45
665512;GALACTOSA 1-URIDIL FOSFOTRANSFERASA;75
665520;GAMMA - BHC;30
665529;GANGLIOSIDO ASIALO GM1, AC. ANTI-;200
665533;GANGLIOSIDO GD 1B, AC. ANTI-;150
665537;GANGLIOSIDO GM1 A, AC. (IGG + IGM) ANTI-;150
665541;GANGLIOSIDO QUADROSIALO, GQ1B AC. IGG;200
665547;"GANGLIOSIDOS PANEL, AC. (IGG + IGM) GM1 ASIALO, GM2,
GD1A, GD1B, GQ1B";300
665555;GENOTIPO DE RH (C/U);15
665563;GENTAMICINA;25
665572;GLIADINA, AC. IGA ANTI-   (AGA - IGA);14
665580;GLIADINA, AC. IGG   ANTI-   (AGA - IGG);14
665589;GLICEROL, SERICO.;15
665597;GLICINA (HPLC);15
665606;GLICOFORINA, CITOMETRIA DE FLUJO;30
665632;GLOBULINA LIGADORA DE ANDROGENOS Y ESTROGENOS (GLAE);22
665640;GLOBULINA LIGADORA DE CORTICOIDES (CBG);14
665642;GLOMERULO, AC. ANT-;5
665648;GLUCOCEREBROSIDASA;140
665666;GLUTATION PEROXIDASA (GPO);25
665674;GQ1B AC. IGG;200
665685;HAEMOPHILUS INFLUENZA, AC. IGG ANTI-;20
665687;HAEMOPHILUS INFLUENZA, AC. IGM ANTI-;20
665694;HAEMOPHILUS INFLUENZAE B, AG. - URINARIO;25
665700;HAEMOPHILUS INFLUENZAE B, AG. - PLASMATICO;25
665708;HALOPERIDOL;30
665715;HAM, PRUEBA DE;10
665724;HANTAVIRUS, AC. IGG   ANTI-;60
665726;HANTAVIRUS, AC. IGM ANTI-;60
665734;HAPTOGLOBINA - SERICA;7
665743;HELICOBACTER PYLORI, AC. IGA ANTI-;22
665751;HELICOBACTER PYLORI, AC. IGG   ANTI-;16
665760;HELICOBACTER PYLORI, AC. IGM   ANTI-;16
665768;HELICOBACTER PYLORI, AIRE ESPIRADO;47
665777;HELICOBACTER PYLORI (CULTIVO - TIPIFICACION).;28
665780;HEMATIES, PRUEBA ELUSION ACIDA DE;8
665785;HEMOCROMATOSIS, MUTACION C282Y Y H63D;150
665787;HEMOCROMATOSIS, MUTACION GEN C282Y - PCR;80
665789;HEMOCROMATOSIS, MUTACION GEN H63D - PCR;80
665791;HEMOCROMATOSIS, MUTACION GEN S65C - PCR;80
665794;"HEMOCROMATOSIS, GEN HH - PCR (HEMOTROCAMTOSIS
HEREDITARIA HH - GEN HFE)";80
665797;HEMOCULTIVO AEROBIOS AUTOMATIZADO   (C/U);25
665802;HEMOGLOBINA A1 (HB-A1) ELECTROFORESIS;12
665811;HEMOGLOBINA A2 (HBA2);14
665820;HEMOGLOBINA FETAL;10
665828;HEMOGLOBINA S;9
665837;HEMOGLOBINURIA PAROXISTICA NOCTURNA X CF;175
665854;HEMOSIDERINURIA;9
665868;HEPARINA, AC. ANTI- (PFA4);83
665871;HEPARINA, ACTIVIDAD ANTI XA DE LA;40
665879;HEPATICOS, AUTOANTICUERPOS (PANEL);43
665888;"HEPATITIS A, AC. ANTI- IGG (HVA IGG) O AC. TOTALES (RIA O
ELISA)";15
665896;"HEPATITIS B, AC. ANTI- ""E"" (HBE AC)";15
665905;"HEPATITIS B, AC. ANTI- ""CORE"" IGM (HBCM) - (RIA O ELISA)";18
665914;HEPATITIS B, CARGA VIRAL;185
665931;HEPATITIS B, DNA VIRAL (HBV-DNA)   (PCR - CUALITATIVO);80
665939;HEPATITIS C, AC. ANTI- IGM - (RIA O ELISA);22
665956;HEPATITIS C, CARGA VIRAL   (PCR);185
665965;HEPATITIS C, GENOTIPIFICACION   (PCR);135
665973;HEPATITIS C, RNA CUALITATIVO - PCR;120
665982;HEPATITIS C, LIA;150
665990;HEPATITIS DELTA, AC. IGG   O TOTALES ANTI-;48
665993;HEPATITIS DELTA, AC. IGM ANTI-;50
666008;HEPATITIS E, AC. IGG ANTI-;30
666016;HEPTACLORO;30
666019;HEPTACLORO HEPOXIDE;30
666034;HERPES SIMPLEX, 1 / 2 - ANTIC. TOTALES (IFI);30
666037;HERPES SIMPLEX, 1 / 2 - (PCR);90
666040;HERPES SIMPLEX 1, AC. IGA ANTI-;22
666042;HERPES SIMPLEX 1, AC. IGG O TOTALES ANTI-;19
666050;HERPES SIMPLEX 1, AC. IGM ANTI-;19
666059;HERPES SIMPLEX 2, AC. IGA   ANTI-;22
666067;HERPES SIMPLEX 2, AC. IGG O TOTALES ANTI-;19
666076;HERPES SIMPLEX 2, AC. IGM   ANTI-;19
666084;HERPES SIMPLEX, AG.;25
666093;HERPES VIRUS 6 HUMAN, AC. IGG (HHV6-IGG) ANTI-;37
666096;HERPES VIRUS 6 HUMAN, AC. IGM (HHV6-IGM) ANTI-;37
666110;HERPES VIRUS 7, AC. IGG ANTI-   HHV;45
666113;HERPES VIRUS 7, AC. IGM ANTI- HHV;45
666136;HEXANO;16
666144;HEXANODIONA, (2,5-);20
666153;HEXOSAMINIDASA TOTAL, A Y B;300
666161;HIDATIDOSIS, AC. IGG O TOTALES   ANTI-   (ELISA);25
666163;HIDATIDOSIS, AC. IGG O TOTALES   ANTI-   (IFI);10
666170;HIDATIDOSIS, AC. IGM   ANTI-   (ELISA);25
666173;HIDATIDOSIS, AC. IGM   ANTI-   (IFI);20
666183;HIDROCARBUROS ALIFATICOS;16
666187;HIDROCARBUROS AROMATICOS;16
666196;HIDROLASAS ACIDAS EN LEUCOCITOS;209
666204;HIDROXIPIRENO;20
666209;HIERRO, MEDULA OSEA (MO) - TINCION DE PERLS.;12
666211;HIERRO, TINCION DE;8
666213;HIERRO - URINARIO;4
666222;HISTAMINA - PLASMATICA;38
666225;HISTAMINA - URINARIA;38
666238;HISTONA, AC. ANTI-;30
666247;HISTOPLASMA CAPSULATUM, AC.   IGG   ANTI-;24
666255;HISTOPLASMA CAPSULATUM, AC. IGM   ANTI-;24
666264;HIV - PCR CUALITATIVO;80
666272;HIV, 1 ANTI-P-24 (CORE);34
666275;HIV - P-24 (ANTIGENEMIA);25
666278;HIV - P-24   - HIV 1 Y 2   (COMBO);20
666281;HIV, RESISTENCIA A ANTIRETROVIRALES;400
666290;HIV - RNA CUANTITATIVO;160
666300;HLA A, MOLECULAR;150
666303;HLA B, MOLECULAR;150
666307;HLA A,B MOLECULAR;250
666332;HLA B 27   MOLECULAR;80
666337;HLA-B 5701, TEST;150
666341;HLA C MOLECULAR;140
666401;HLA DQ MOLECULAR;160
666409;HLA DR CITOMETRIA FLUJO;100
666426;HLA DR MOLECULAR;150
666443;HLA DQA1, DQB1 (DIABETES) PCR;83
666452;HOMOCISTEINA;30
666455;HOMOCISTINA, ORINA;15
666486;HOWELL, TEST (PLASMA RECALCIFICADO, TIEMPO DE-);5
666520;HTLV-1 AC;25
666533;HTLV-1 PCR;100
666537;HTLV-I/II (PARTICULAS O ELISA);23
666540;HTLV, CONFIRMATORIO (WESTERN BLOT);100
666554;HU (ANNA-1) AC. ANTI-;100
666560;IA 2, AC. ANTI- (AC. ANTI- TIROSINFOSFATASA 2);50
666585;"IGA BC - LAGRIMA - INMUNOGLOBULINA A BAJA
CONCENTRACION EN LAGRIMA.";20
666587;"IGA BC - LCR - INMUNOGLOBULINA A BAJA CONCENTRACION EN
LIQUIDO CEFALO RAQUIDEO.";6
666589;"IGA BC - SALIVA - INMUNOGLOBULINA A BAJA CONCENTRACION
EN SALIVA.";6
666600;"IGE BC - LAGRIMAS - INMUNOGLOBULINA E BAJA
CONCENTRACION EN LAGRIMA.";20
666602;"IGE BC - LCR - INMUNOGLOBULINA E BAJA CONCENTRACION EN
LIQUIDO CEFALO RAQUIDEO.";12
666603;IGE BC - INMUNOGLOBULINA E BAJA CONCENTRACION.;12
666606;IGE ESPECIFICA -   INMUNOGLOBULINA E ESPECIFICA.;13
666614;"IGE RAST -   INMUNOGLOBULINA E - PARA ANTIBIOTICOS
(INCLUYE PENICILINAS)";20
666631;IGG, ASOCIADA A PLAQUETAS;46
666640;IGG - INMUNOGLOBULINA G, INDICE DE (LCR/SERICA);28
666648;"IGG - LCR - INMUNOGLOBULINA G EN LIQUIDO CEFALO
RAQUIDEO.";20
666657;"IGG - INMUNOGLOBULINA G,   SUBCLASES (MODULO 4
SUBCLASES)";110
666666;IGM - INMUNOGLOBULINA M, ASOCIADA A PLAQUETAS.;46
666674;"IGM, LCR - INMUNOGLOBULINA M, EN LIQUIDO CEFALO
RAQUIDEO.";12
666676;"IGM -   INMUNOGLOBULINA M BAJA CONCENTRACION, EN
SALIVA";12
666691;IL2-R - CD25 RECEPTOR SOLUBLE;14
666700;INDICAN;5
666708;INDICE DE INSULINO RESISTENCIA;1
666711;INDICE DE FUNCION RENAL;1
666717;INDICE DE PRODUCCION RETICULOCITARIA;1
666725;INFLUENZA A, ANTIGENO (AG.);20
666730;"INFLUENZA A, ANTIGENOS (AGS.) SUBTIPOS - MATERIAL:
HISOPADO NASAL / FARINGEO / ASPIRADOS - PCR";70
666734;INFLUENZA A, AC. IGG ANTI-;16
666742;INFLUENZA A, AC. IGM ANTI-;18
666745;"INFLUENZA A SUBTIPO H1N1 POR EL METODO PCR REAL TIME
CON SONDA ESPECIFICA";80
666751;INFLUENZA B, AC. IGG ANTI-;16
666760;INFLUENZA B, AC. IGM ANTI-;18
666768;INFLUENZA B, ANTIGENO (AG.);20
666769;INFLUENZA B (RT-PCR);33
666788;INHIBINA B - SERICA;100
666819;INMUNOCOMPLEJOS CIRCULANTES;30
666845;"INMUNOFENOTIPO-SUBPOBLACIONES LINFOCITARIA-
INMUNOMARCACION (CITOMETRIA DE FLUJO)";250
666848;INMUNOFIJACION - LCR;50
666862;INSULINA, AC. ANTI-;35
666871;INTERFERON GAMMA;100
666879;INTERLEUQUINA (C/U);100
666888;IODO, AZIDA PRUEBA;9
666896;IONOGRAMA EN MATERIA FECAL;7
666898;IRREGULARES ANTICUERPOS, CUALITATIVO.;15
666905;ISLOTE LANGERHANS PANCREATICOS, AC. ANTI- (ICA);25
666922;JO-1, AC. ANTI-;25
666925;KREMER, TEST DE;25
666930;LA/SSB, AC. ANTI-;15
666936;LACTOFERRINA.;14
666939;LACTOSA, TOLERANCIA A LA;3
666947;LC-1, AC. ANTI-;14
666956;LEGIONELLA PNEUMOPHILA, AC. ANTI- IGG;20
666958;LEGIONELLA PNEUMOPHILA, AC. ANTI- IGM;20
666970;LEGIONELLA PNEUMOPHILA, AG.;19
666982;LEPTINA;50
666999;LEPTOSPIRA, AC. ANTI- (HAI / MACROAGLUTINACION);12
667007;LEPTOSPIRA, AC. IGM ANTI-;20
667010;LEPTOSPIRA (CONFIRMATORIO - MICROAGLUTINACION);28
667013;LEPTOSPIRA (CULTIVO);20
667016;LEPTOSPIRA (FONDO OSCURO O COLORACIONES) - URINARIA;12
667017;LEPTOSPIRA, AC. ANTI- (ELISA / IFI);19
667027;"LEUCINA - SERICA (AA) (INCLUIDA EN EL PERFIL DE AA EN
DIFERENTES MATRICES - CROMATOGRAFIA DE AA)";15
667030;LEUCEMIAS AGUDAS, FENOTIPIFICACION;280
667042;LEUCINO AMINO PEPTIDASA (L.A.P.);10
667059;LEVADURAS SENSIBILIDAD - SCREENING;17
667064;LEVADURAS TIPIFICACION;30
667079;LEVODOPA - URINARIA;28
667084;LEVODOPA - SERICA;28
667093;LEVULOSA - SEMEN;4
667096;LEVULOSA - SERICA;4
667099;LEVULOSA - URINARIA;4
667119;LINDANE;30
667127;LINFOCITARIO, CULTIVO MIXTO;94
667153;"LINFOCITOS PERIFERICOS ""SRY""";94
667178;LIPASA - URINARIA (LIPASURIA);4
667187;LIPOPROTEINA A - LP(A);20
667210;LISOZIMA;14
667230;LISTERIA, CULTIVO;12
667235;"LISTERIA MONOCITOGENES  ""O"" Y ""H""";11
667240;LISTERIA MONOCITOGENES, AC. IGM ANTI-;8
667272;LKM, AC. ANTI-;20
667278;MACROAMILASA;25
667284;MACRO CK;14
667289;MACROPROLACTINEMIA;30
667300;MAGNESIO - ERITROCITARIO;20
667304;MAGNESIO - PELO;30
667315;MAG-SGPG, AC. IGM;120
667319;MALATION;84
667324;MALON DIALDEHIDO - TBARS;19
667338;MANGANESO - PELO;30
667341;MANGANESO - SERICO;20
667343;MANGANESO - URINARIO;20
667349;MAO PLAQUETARIO;60
667353;MARCADORES PRONOSTICOS DE LLC (CITOMETRIA DE FLUJO);154
667367;MEMBRANA BASAL, AC. ANTI-;8
667375;MERCURIO - PELO (HG-PELO);35
667383;METABOLISMO DE LITIASIS RENAL;200
667392;METACUALONA;24
667401;METADONA (FPIA);22
667409;METAHEMOGLOBINA;10
667426;METANEFRINAS FRACCIONADAS;25
667435;METANOL;25
667439;METAPNEUMOVIRUS HUMANO, AG. (HMPV);14
667443;METIL ETIL CETONA;25
667449;METIL PARATHION;30
667454;METIL.TRITION;84
667460;METILENTETRAHIDROFOLATO REDUCTASA (MTHRT)- PCR;70
667469;METILNICOTINAMIDA;18
667477;"METIONINA - PRUEBA DE SOBRECARGA (DOS
DETERMINACIONES)";40
667486;METOTREXATO;30
667495;MICROAGREGADO PLAQUETARIOS;15
667503;MICROGLOBULINA BETA 2;18
667520;MICROSPORIDIA INVESTIGACION;15
667529;MIELOPEROXIDADA CITOQUIMICA;15
667537;MIOCARDIO, AC. ANTI-;8
667546;MIOGLOBINA - SERICA;13
667550;MIOGLOBINA - URINARIA;15
667571;MITOCONDRIAL M2, AC. ANTI-;27
667580;MONOSACARIDOS (CROMATOGRAFIA);25
667597;MOPEG -3-METOXI 4-HIDROXI FENIL ETIL GLIC;20
667621;MUCOSEMEN CRUZADO (MÈTODO MICROSCÒPICO);26
667623;MUCOSA GASTRICA, AC. ANTI- (CÈLULAS PARIETAL AC. -IFI);19
667624;MUCOPOLISACARIDOS - URINARIOS (CUANTITATIVO);65
667626;MULTIRRESISTENCIA, VIGILANCIA DE BACTERIAS RESISTENTES;26
667631;MUSCULO ESTRIADO, AC. ANTI-;12
667636;MUSK, AC. ANTI-;140
667637;MUSCULO LISO, AC. ANTI-;10
667648;MYCOAVIUM COMPLEX, PCR;73
667657;MYCOBACTERIA SP, HEMOCULTIVO;17
667669;MYCOBACTERIUM TUBERCULOSIS, DNA - PCR;120
667674;MYCOBACTERIUM TUBERCULOSIS, EN LCR;80
667691;MYCOPLASMA - UREAPLASMA, AC. ANTI-;35
667700;MYCOPLASMA - UREAPLASMA, CULTIVO;25
667708;MYCOPLASMA HOMINIS, CULTIVO - AISLAMIENTO;25
667716;MYCOPLASMA PNEUMONIAE, AC. IGG ANTI-;18
667717;MYCOPLASMA PNEUMONIAE, AC. IGM ANTI-;18
667725;MYCOPLASMA PNEUMONIAE, ANTIGENO (AG);20
667734;MYCOPLASMA PNEUMONIAE, CULTIVO;19
667742;N,N-DIMETILTRIPTAMINA;24
667751;"NEONATAL, 17-HIDROXIPROGESTERONA (17-HO-PG-NEO) -
SCREENING";9
667759;NEONATAL, BIOTINIDASA - SCREENING;7
667768;NEONATAL, GALACTOSEMIA - SCREENING;7
667773;NEONATAL, LEUCINA - SCREENING;12
667777;NEONATAL, T.I.R. (TRIPSINA INMUNOREATIVA) - SCREENING;8
667785;NEONATAL, T.S.H. - SCREENING;7
667794;NEUMOCOCO, AC. ANTI-;100
667802;NEURON SPECIFIC ENOLASE - NSE;39
667819;NICOTINA/COTININA;19
667828;NIQUEL URINARIO;20
667836;NITROGENO NO PROTEICO;3
667845;NORMETANEFRINA - URINARIA;19
667853;NORTRIPTILINA -   SERICA;19
667862;N TELOPEPTIDOS - COLAGENO TIPO I (NTX);30
667871;NUCLEOLO, AC. ANTI-;15
667882;OPIACEOS - CONFIRMATORIO;120
667905;ORTO CRESOL (2-METILFENOL);20
667913;ORTO METIL BUFOTENINA;24
667919;ORTO,O,O - TIETILFOSFOROTOATO;84
667926;OSMOLALIDAD - URINARIA;5
667939;OSTEOCALCINA;25
667947;OVARIO, AC. ANTI-;80
667973;P53 AC.;24
667982;P53 MUTANTE;200
667990;PAI 4G/5G;50
667999;PANEL HEPATICO INMUNOLOGICO;90
668009;PAPILOMA VIRUS HUMANO - HPV (CARGA VIRAL);160
668011;"PAPILOMA VIRUS HUMANO - HPV (GENOTIPIFICACION - PCR +
HIBRIDIZACIÒN)";135
668016;PARA AMINOFENOL;20
668018;PAPP-A   SE REALIZA JUNTO A BETA LIBRE HCG (3056);40
668110;PARACOCCIDIOIDES BRASILIENSIS, AC. IGG ANTI-;15
668115;PARACOCCIDIOIDES BRASILIENSIS, AC. IGM ANTI-;15
668127;PARACOCCIDIOIDES SPP, AC. ANTI- TOTALES;29
668135;PARAINFLUENZA I, AC. ANTI-;18
668137;PARAINFLUENZA I, AC. IGM ANTI-;18
668139;PARAINFLUENZA I, AG.;20
668142;PARAINFLUENZA II, AC. ANTI-;18
668144;PARAINFLUENZA II, AC. IGM ANTI-;18
668146;PARAINFLUENZA II, AG.-;20
668149;PARAINFLUENZA III, AC. ANTI-;18
668151;PARAINFLUENZA III, AC. IGM ANTI-;18
668153;PARAINFLUENZA III, AG.;20
668156;PARA NITROFENOL;20
668161;PARATHORMONA PTH (MOLECULA MEDIA);19
668170;PARATION;30
668178;PAROTIDITIS, AC. IGG ANTI-;15
668187;PAROTIDITIS, AC. IGM ANTI-;16
668195;PAROTIDITIS, AC. ESPECIF.   POR FC;20
668204;PAROTIDITIS, AC. SOLUBLES;12
668212;PAROTIDITIS, AG.;15
668221;PAROTIDITIS, AG. EN LCR;13
668229;PARVOVIRUS, AC. IGG ANTI-;40
668238;PARVOVIRUS, AC. IGM ANTI-;45
668247;PARVOVIRUS B19-1 Y B19-2, PCR;73
668272;PENTACLOROFENOL;18
668274;PEN PENFIGO AUTO ANTICUERPOS;70
668281;PEPTIDO C;18
668284;PEPTIDO CITRULINADO CICLICO - AC. ANTI- IGG (AC. ANTI- CCP);50
668286;PEPTIDO INTESTINAL VASOACTIVO (VIP);140
668289;PEPTIDO PROCOLAGENO;18
668298;PERFIL LIPIDICO;11
668315;PEROXIDASA TIROIDEO,   AC. ANTI- (ATPPO);12
668332;PESTICIDAS ORGANOCLORADOS (PLAGUICIDAS), URINARIOS;30
668337;"PESTICIDAS ORGANOFOSFORADOS (PLAGUICIDAS PARATHION),
PLASMATICOS";30
668348;PIRIDINOLINA;28
668358;PLAQUETARIA ADHESIVIDAD;20
668366;PLAQUETARIA AGREGACION (CON 6 INDUCTORES);18
668375;PLAQUETAS, AC. ANTI-;11
668383;PLASMINOGENO;38
668385;"PLASMINOGENO, ACTIVADOR TISULAR DE - PAI-1 (BIOLOGICO-
INMUNOLOGICO)";75
668387;"PLASMINOGENO, INHIBIDOR DEL ACTIVADOR TISULAR   DEL (PAI -
AIP)";50
668397;PLATA - SERICA;20
668400;PLATA - URINARIA;20
668409;PLOMO - PELO;30
668418;PM-1, AC. ANTI-;33
668426;PNEUMOCYSTIS CARINII, IFD;15
668435;PODER BACTERICIDA DEL SUERO (PBS);20
668440;PODER INHIBITORIO DEL SUERO (P.I.S.);20
668450;POLIMORFISMO IL 28B;160
668460;POLIMORFONUCLEARES, QUIMIOTAXIS;35
668463;POLIOMAVIRUS BK, CARGA VIRAL - SANGRE U ORINA;120
668464;POLIOMAVIRUS BK, PCR - SANGRE U ORINA;90
668466;POLIOMAVIRUS JC, CARGA VIRAL - SANGRE U ORINA;120
668467;POLIOMAVIRUS JC, PCR - LCR;90
668469;POLIQUISTOSIS RENAL - PCR;209
668477;PORFIRINAS - MATERIA FECAL;12
668486;PORFIRINAS -   SERICAS;11
668489;PORFIRINAS, INDICE DE - PLASMATICAS;17
668493;PORFIRINAS TOTALES - ERITROCITARIAS;15
668529;PORFOBILINOGENO (CUANTITATIVO).;16
668537;POTASIO - ERITROCITARIO;12
668546;PREALBUMINA;10
668554;PRO BNP - PEPTIDO NATRIURETICO, HORMONA.;110
668563;PROCALCITONINA;47
668571;PROINSULINA - PLASMATICA;6
668580;PROGESTERONA 17-HIDROXI (17-OH-PG);15
668597;PROPOXIFENO - NORPROPOXIFENO;23
668606;PROTEINA BASICA DE MIELINA;120
668610;"PROTEINA BENCE JONES, INVESTIGACION DE CADENA LIVIANA
KAPPA Y LAMBDA (HPLC / IEF)";30
668614;PROTEINA C   FUNCIONAL - CROMOGENICO;45
668623;PROTEINA C REACTIVA - ULTRASENSIBLE;12
668631;PROTEINA S LIBRE = INMUNOTURBIDIMETRIO;40
668640;PROTEINA S TOTAL;35
668641;PROTEINA 14-3-3 ENFERMEDAD DE CREUTZFELD JAKOV;240
668648;PROTEINA S FUNCIONAL = COAGULOMETRICO;85
668656;PROTEINASA 3(PR3), AC. ANTI-;40
668665;PROTEINOGRAMA LCR;33
668682;PROTOPORFIRINA ERITROCITARIA;12
668691;PROTROMBINA 20.210;80
668710;PSEUDOMONAS, AC. ANTI-;60
668734;QUERATINOCITOS (PIEL) AC ANTI-;45
668759;QUIMIOTRIPSINA - MATERIA FECAL;30
668768;QUINIDINA;20
668780;REARREGLO DEL IGH/FGFR3, ESTUDIO PARA (FISH);300
668783;REARREGLO DEL IGH/MAF, ESTUDIO PARA (FISH);300
668790;DETERMINACION DE AMPLIFICACION GENICA (FISH);275
668794;REARREGLO DEL TCR (CITROMETRÌA DE FLUJO);300
668802;RECEPTOR TSH, AC. ANTI-;40
668819;RENINA-ANGIOTENSINA / RENINA ACTIVA;18
668828;RESISTENCIA A LA PROTIINA C ACTIVADA;35
668836;RETICULINA, AC. ANTI- (ARA);10
668845;RETINA, AC. ANTI-;62
668853;RI (ANNA-2), AC. ANTI-   (NEURONAL NUCLEAR-2);100
668870;RICKETTSIAS PROWAZEKII, AC. IGG ANTI-;45
668874;RICKETTSIAS TYPHI, AC. IGG ANTI-;45
668888;RNA, AC. ANTI-;15
668896;RNP, AC. ANTI-   (RIBONUCLEOPROT);16
668905;RO, AC. ANTI-;15
668918;ROSA DE BENGALA;8
668922;ROTAVIRUS - AG -AC- MN (ELISA);32
668934;ROTAVIRUS - ACC-;32
668939;ROTAVIRUS, AG. - HECES;22
668947;SACAROSA;12
668956;SACCHAROMYSES, AC. ANTI-;50
668964;SALIVA, EX. FISICO-QUIMICO;4
668973;SANGRE OCULTA ESPECIFICO - MATERIA FECAL (S.O.M.F. ESP.);8
668982;SARAMPION, AC. IGG ANTI-;15
668990;SARAMPION, AC. IGM ANTI-;16
668999;SCLERODERMIA - SCL 70, AC. ANTI-;20
669007;SCORE DE MOCO;10
669016;SELENIO (AA) - SERICO;20
669019;SELENIO - URINARIO;20
669041;SEROTONINA - PLAQUETARIA;30
669045;SEROTONINA - URINARIA;30
669058;SILICIO - ESPUTO;20
669076;SINCICIAL RESPIRATORIO, AC. IGG ANTI-;17
669084;SINCICIAL RESPIRATORIO, AC. IGM ANTI-;17
669093;SINCICIAL RESPIRATORIO, ANTIGENO (AG.);22
669101;SINDROMES LINFOPROLIF. CRONICOS - FENOTI;300
669105;SIROLIMUS, DROGA CITOSTATICA - RAPAMICINA;70
669110;SM, AC. ANTI-;15
669118;SOMATOMEDINA C- IGFB1;35
669120;"SOMATOMEDINA - IGFBP-3 - (INSULIN LIKE GROWTH FACTOR
BIND, PROT 3)";60
669127;"SREPTOCOCCUS BETA-HEMOLITICO GRUPO B - PRENATAL
(ANAL/VAGINAL)";18
669132;STREPTOCOCCUS GRUPO B, AG. - SERICO;25
669135;STREPTOCOCCUS GRUPO B, AG. - URINARIO;25
669157;STREPTOCOCCUS PNEUMONIAE, AG. - ESPUTO;25
669161;STREPTOCOCCUS PNEUMONIAE, AG. - SERICO;25
669164;STREPTOCOCCUS PNEUMONIAE, AG. - URINARIO;25
669180;STREPTOZYME, TEST (ESTREPTOZIMA);15
669187;SUBUNIDAD ALFA HIPOFISIARIA;26
669195;SUCCINIL ACETONA - URINARIA;209
669204;SUCCINIL PURINAS;150
669212;SUCROSA, TEST DE;10
669223;SUDOR, TEST CONFIRMATORIO.;50
669229;SULFAHEMOGLOBINA POR COOXIMETRIA;8
669238;SULFATOS - URINARIOS;15
669246;SULFOTEP;30
669255;SUPEROXIDO DISMUTASA (S.O.D.) - SERICA;30
669265;SUSTANCIA INTERCELULAR AC. ANTI-;50
669281;TALASEMIAS, BETA-MUTACIONES;600
669293;TALIO - PELO;11
669306;TDT - CITOMETRIA DE FLUJO;30
669314;TEST DE DESENSIBILIZACION TESTICULAR;110
669332;"TEST DE NITRO BLUE TETRAZOLIUM CON ESTIMULACION (TEST -
NBTS)";34
669340;TEST DE NITRO BLUE TETRAZOLIUM (TEST - NBT);34
669349;TEST DE NUGENT - SERICO;7
669366;TESTOSTERONA DEHIDRO (DHT);25
669375;TESTOSTERONA LIBRE, TO-L;15
669383;TESTOSTERONA - URINARIA;15
669409;TIOCIANATOS - URINARIOS;12
669417;TIOCIANATOS - SERICOS;12
669426;TIONACINA;20
669434;TIOSULFATOS - URINARIOS;8
669443;TIROGLOBULINA (TGS);15
669460;TIROGLOBULINA, AC. ULTRASENSIBLE.;14
669469;TIROGLOBULINA - LIQUIDO DE PUNCION (TG LP);19
669477;TIROSINA   (AMINOACIDO - A. AC.);16
669486;TITULACION DE ANTICUERPO VIII (MET..BIOL.);24
669490;TOPIRAMATO;45
669494;TOXINA BOTULINICA, AC.;41
669503;ESCHERICCIA COLI, TOXINA DE   (VEROTOXINA);45
669511;TOXOCARA CANIS, AC. IGG ANTI-;26
669514;TOXOCARA CANIS, AC. IGM ANTI-;30
669538;TOXOIDE TETANICO, AC. ANTI-;90
669561;TOXOPLASMOSIS, AC. IGA ANTI-;30
669565;TOXOPLASMOSIS, AC. IGA ISAGA ANTI-;20
669571;TOXOPLASMOSIS, AC. IGG ANTI- (ELISA);10
669575;TOXOPLASMOSIS, AC. IGG ANTI- (TEST DE AVIDEZ);30
669580;TOXOPLASMOSIS, AC. IGM ANTI- (ELISA);14
669588;TOXOPLASMOSIS, AC. IGM ANTI- (IFI);8
669591;TOXOPLASMOSIS, PCR;100
669597;T-PA INMUNOLOGICO;36
669622;TRANSGLUTAMINASA,   AC. IGA ANTI-;23
669631;TRANSGLUTAMINASA,   AC. IGG ANTI-;23
669633;TRANSLOCACION (9,22) REAR. BCR/ABL LMC;152
669634;TRANSLOCACION (9,22) REAR. BCR/ABL LLA;152
669635;TRANSLOCACION 14,18;138
669636;TRANSLOCACION MLL/AF4, T (4,11);186
669637;TRANSLOCACION PML/RAR, T (15,17);220
669638;TRASLOCACION T (8,21) - AML 1/ETO;190
669639;TRASLOCACION TEL /AML   T(12,21);186
669641;TRASLOCACION, VARIAS - CUALITATIVA (C/U);140
669642;TRASLOCACION, VARIOS - CUANTITATIVA (C/U);360
669644;TREPONEMA PALLIDUM, FTA ABS, AC. IGM ANTI-;10
669647;TRICHINELLA SPIRALIS, AC. IGG ANTI-/AC. TOTALES;30
669649;TRICHINELLA SPIRALIS, AC. IGM ANTI-;30
669653;TRICHOMONAS, CULTIVO PARA-;3
669657;TRICLOROETANOL;12
669661;TRIIODOTIRONINA LIBRE - T3 LIBRE;10
669665;TRIPLE TEST;90
669674;TRIPLE TEST SOFT;18
669682;TRIPSINA, AC. ANTI-;8
669691;TRIPTOFANO;18
669699;TRIQUINOSIS, AC. IGG ANTI-;35
669703;TRIQUINOSIS, AC. TOTALES ANTI-;30
669716;TROMBOFILIA, PANEL;230
669725;TROPONINA I;17
669734;TROPONINA T;17
669735;TROPONINA T (CUANTITATIVO) TNT-CUANTI;25
669747;TUMOR, NECROSIS FACTOR;50
669759;UREAPLASMA UREALITICUM (CULTIVO).;15
669768;UROPORFIRINAS - MATERIA FECAL;12
669773;UROPORFIRINAS - URINARIAS;12
669780;VACUNA LINFOCITARIA;28
669787;VAGINAL, BALANCE DEL CONTENIDO (BACOVA);6
669793;VANCOMICINA;23
669810;VARICELA ZOSTER, AG.;30
669819;VARICELA ZOSTER, AC. IGG   ANTI-;17
669828;VARICELA ZOSTER, AC. IGM ANTI-;25
669834;VARICELA ZOSTER,   DNA POR PCR;100
669846;VIGABATRINA;30
669853;VIRUS-JUNIN, AC. ANTI- IGG (FHA);30
669858;VIRUS-JUNIN, AC. ANTI- IGM (FHA);30
669870;VISCOSIDAD PLASMATICA;23
669879;VITAMINA B 1 (TIAMINA);30
669887;VITAMINA B6 (PIRIDOXINA);37
669896;VITAMINA C (LIQUIDO SEMINAL - PLAQUETARIA -   SERICA);30
669905;VITAMINA D (1,25-DIHIDROXICALCIFEROL);47
669913;VITAMINA D3 (25-HIDROXICALCIFEROL);37
669918;VLDL-COLESTEROL, LIPOPROTEINA DE MUY BAJA DENSIDAD.;4
669939;XANTINA;10
669947;YERSINIA ENTEROCOLITICA,   CULTIVO;7
669956;YO, AC. ANTI-;36
669960;YO (PCA-1), AC. ANTI-;100
669966;ZAP 70;105
669973;ZINC - URINARIO (ZN-URINARIO);20
669984;ZINC - PELO (ZN-PELO);20
669987;ZINC - SEMEN (ZN-SEMEN);20
669999;DETECCION DE LA MUTACION DEL GEN JAK 2;238
